순위,시군구,위치,학교명,학교유형,응시자수,평균,국어,영어,수학,특목고진학률,대학교진학률,진학수,졸업자수,위도,경도
1,강남구,강남구 수서동,대왕중학교,중학교,298,97.6,99,97.7,96.3,1.8,,5,265,37.48346033,127.0873381
2,강남구,강남구 압구정1동,압구정중학교,중학교,152,97.6,98.7,98,96.1,8.8,,11,124,37.53024224,127.0330027
3,강남구,강남구 대치동,대청중학교,중학교,329,97.1,97,98.8,95.7,3.8,,12,315,37.49043056,127.0583501
4,강남구,강남구 대치동,대명중학교,중학교,343,95.2,97.7,97.4,90.7,3.8,,12,313,37.50633641,127.0609849
5,강남구,강남구 압구정동,신사중학교,중학교,141,94.8,97.2,94.3,92.9,3.5,,5,141,37.52469784,127.0211914
6,강남구,강남구 대치동,단국대학교사범대학부속중학교,중학교,191,94.6,94.2,94.8,94.8,1.6,,3,181,37.49561749,127.0577682
7,강남구,강남구 역삼동,역삼중학교,중학교,376,94.3,98.2,94.2,90.7,5.8,,23,393,37.49593388,127.0488444
8,강남구,강남구 도곡동,도곡중학교,중학교,221,94.2,96.8,95.5,90.5,5.7,,12,208,37.49230771,127.0452179
9,강남구,강남구 개포동,구룡중학교,중학교,230,94.2,97.4,95.2,90,3.7,,9,239,37.48615258,127.056121
10,강남구,강남구 역삼동,진선여자중학교,중학교,334,93.7,97.3,94,89.8,2.8,,9,321,37.50232303,127.0482866
11,강남구,강남구 삼성동,언주중학교,중학교,325,92.1,95.7,93.9,86.8,4.9,,15,306,37.51465316,127.0466832
12,강남구,강남구 도곡동,숙명여자중학교,중학교,283,91.8,96.8,92.9,85.9,4.2,,12,283,37.49147536,127.0526126
13,강남구,강남구 삼성동,봉은중학교,중학교,144,90.5,94.4,90.3,86.8,0.9,,1,102,37.51897667,127.0623894
14,강남구,강남구 역삼동,휘문중학교,중학교,265,89.9,92.1,89.8,87.9,1.5,,4,260,37.50528945,127.0619841
15,강남구,강남구 도곡동,대치중학교,중학교,195,88.5,93.8,89.7,82.1,4.2,,8,187,37.48457751,127.0470652
16,강남구,강남구 도곡동,은성중학교,중학교,138,88.1,94.2,89.1,81.2,2.1,,3,138,37.48837857,127.0352324
17,강남구,강남구 개포동,개원중학교,중학교,267,87,92.9,85,83.1,0.5,,1,181,37.49163975,127.0714157
18,강남구,강남구 청담동,청담중학교,중학교,162,85.6,93.2,87,76.6,5.5,,6,108,37.52865979,127.0448101
19,강남구,강남구 자곡동,세곡중학교,중학교,247,84.6,92.7,88.3,72.9,3,,8,263,37.47198073,127.0918862
20,강남구,강남구 일원2동,중동중학교,중학교,275,84.6,88.4,83.3,82.2,2,,4,199,37.48851679,127.078612
21,강남구,강남구 논현동,언북중학교,중학교,118,83.3,94.1,83.9,72,1,,1,91,37.51942855,127.0331263
22,강남구,강남구 신사동,신구중학교,중학교,127,82.6,89,80.3,78.7,8.6,,10,115,37.52744229,127.0316727
23,강남구,강남구 수서동,수서중학교,중학교,135,80,92.6,80.8,66.7,0.6,,1,148,37.49120377,127.1023799
1,강남구,강남구 도곡동,숙명여자고등학교,고등학교,589,96.8,97.6,99.5,93.5,,50.1,193,385,37.49147536,127.0526126
2,강남구,강남구 압구정동,현대고등학교,고등학교,450,95,94,97.3,93.8,,47.2,187,396,37.5254805,127.0223773
3,강남구,강남구 대치동,휘문고등학교,고등학교,462,94.8,93.1,96.5,94.8,,43.7,198,453,37.50528945,127.0619939
4,강남구,강남구 일원동,중동고등학교,고등학교,416,93.8,93.5,95.7,92.3,,50.1,195,389,37.49371459,127.0809122
5,강남구,강남구 도곡동,은광여자고등학교,고등학교,397,92.3,94.2,97.5,85.4,,69,167,242,37.48837857,127.0352324
6,강남구,강남구 역삼동,진선여자고등학교,고등학교,457,92.1,93.2,96.7,86.6,,55,168,305,37.50230289,127.0482866
7,강남구,강남구 개포동,경기여자고등학교,고등학교,530,91.7,95.6,95.7,84,,58.5,209,357,37.48691516,127.065453
8,강남구,강남구 대치1동,단국대학교사범대학부속고등학교,고등학교,532,91,88.5,93.1,91.4,,47.8,166,347,37.49561749,127.0577682
9,강남구,강남구 일원동,중산고등학교,고등학교,466,90.6,88.4,94.4,89.1,,44.4,101,227,37.48574293,127.0814285
10,강남구,강남구 청담동,영동고등학교,고등학교,431,86.4,87.2,91,81.2,,44.3,114,257,37.52138901,127.0437393
11,강남구,강남구 개포동,개포고등학교,고등학교,343,82.7,85.7,86.3,76.1,,43.5,85,195,37.48495285,127.0594065
12,강남구,강남구 삼성동,경기고등학교,고등학교,513,81.8,77.8,86.2,81.5,,42.4,168,396,37.51756454,127.0560755
13,강남구,강남구 도곡동,중앙대학교사범대학부속고등학교,고등학교,450,79.6,80.5,86.7,71.6,,46.7,151,323,37.4919059,127.0521116
14,강남구,강남구 압구정동,청담고등학교,고등학교,292,75.8,77.4,82.2,67.8,,35.6,61,171,37.52800302,127.0437002
15,강남구,강남구 압구정동,압구정고등학교,고등학교,338,72.4,75.7,81.7,59.8,,36.4,70,192,37.53113395,127.0327116
16,강남구,강남구 수서동,서울세종고등학교,고등학교,318,71.3,73,78,62.9,,44.3,78,176,37.49038935,127.1027968
1,강동구,강동구 고덕동,명일중학교,중학교,253,89.9,93.7,87.7,88.5,3.1,,9,287,37.55759545,127.1472905
2,강동구,강동구 상일동,한영중학교,중학교,254,87.4,93.7,86.6,81.9,6.8,,15,220,37.54914056,127.1577731
3,강동구,강동구 암사동,강일중학교,중학교,203,86.4,94.1,85.8,79.4,4,,8,197,37.5553497,127.1382586
4,강동구,강동구 천호동,성덕여자중학교,중학교,228,82.9,93.9,82.9,71.9,2.2,,4,178,37.54996367,127.1419039
5,강동구,강동구 성내동,성내중학교,중학교,227,82.2,92.5,80.2,74,1,,2,184,37.52906191,127.1291173
6,강동구,강동구 둔촌동,동북중학교,중학교,217,82,86.2,82,77.9,0,,0,109,37.52024061,127.1394507
7,강동구,강동구 길동,신명중학교,중학교,303,80,90.1,76.2,73.9,0,,0,176,37.54181449,127.1492919
8,강동구,강동구 강일동,강명중학교,중학교,179,79.7,90.5,75.4,73.2,2,,3,150,37.5554045,127.1750136
9,강동구,강동구 암사동,신암중학교,중학교,255,79.2,87.5,78.4,71.8,1,,2,189,37.55636169,127.1336043
10,강동구,강동구 상일동,상일여자중학교,중학교,101,77.9,89.1,73.3,71.3,4.6,,3,64,37.54858748,127.1708235
11,강동구,강동구 강일동,강동중학교,중학교,200,77.8,88.5,75.5,69.5,2.6,,5,191,37.56965025,127.177836
12,강동구,강동구 고덕동,배재중학교,중학교,277,75.8,84.5,74.4,68.6,1.9,,5,263,37.55505939,127.1502473
13,강동구,강동구 둔촌동,둔촌중학교,중학교,158,74.2,85.4,72.8,64.6,0.9,,1,101,37.53083609,127.1463317
14,강동구,강동구 천호동,천일중학교,중학교,253,69.1,88.9,60.5,58.1,1.2,,2,160,37.54590987,127.1276362
15,강동구,강동구 고덕동,고덕중학교,중학교,169,69,80.5,66.5,60,3,,5,165,37.56036661,127.1616435
16,강동구,강동구 천호동,동신중학교,중학교,209,68.1,82.8,60.5,61.2,2.3,,4,172,37.53676952,127.1343666
17,강동구,강동구 천호동,천호중학교,중학교,239,65.7,83.3,59,54.8,1.2,,2,163,37.54651926,127.139698
1,강동구,강동구 상일동,한영외국어고등학교,고등학교,267,98.5,97.4,99.6,98.5,,70.2,156,222,37.54914056,127.1577731
2,강동구,강동구 상일동,상일여자고등학교,고등학교,314,88.4,93.3,92.7,79.3,,50.3,78,155,37.54858748,127.1708235
3,강동구,강동구 상일동,한영고등학교,고등학교,522,83.8,83.7,87.2,80.5,,52.3,209,399,37.54913153,127.1577731
4,강동구,강동구 고덕동,배재고등학교,고등학교,425,82.9,81.7,84.5,82.6,,58.5,260,444,37.55505939,127.1502473
5,강동구,강동구 둔촌동,동북고등학교,고등학교,489,74,72.8,80.6,68.7,,46.8,161,344,37.52024061,127.1394507
6,강동구,강동구 명일동,명일여자고등학교,고등학교,218,73,78,78.5,62.6,,46.5,80,172,37.54977633,127.1495815
7,강동구,강동구 천호동,성덕고등학교,고등학교,263,69.2,72.2,76.9,58.6,,58.8,133,226,37.54996367,127.1419039
8,강동구,강동구 상일동,강동고등학교,고등학교,252,66.8,68.3,70.3,61.9,,45.9,86,187,37.54991665,127.1606683
9,강동구,강동구 고덕동,광문고등학교,고등학교,434,66.1,69.6,71.4,57.4,,51,177,347,37.56046181,127.1585463
10,강동구,강동구 강일동,강일고등학교,고등학교,211,61.9,64,62.7,59,,36.5,60,164,37.5638281,127.1779035
11,강동구,강동구 둔촌동,둔촌고등학교,고등학교,280,55.1,57.9,58.9,48.6,,44,96,218,37.53143258,127.1438087
12,강동구,강동구 암사동,선사고등학교,고등학교,206,48.7,52.4,52.2,41.5,,37.1,68,183,37.55631588,127.1357998
1,강북구,강북구 미아동,영훈국제중학교,중학교,157,98.3,98.7,100,96.2,27.6,,45,163,37.61468187,127.0280933
2,강북구,강북구 미아동,삼각산중학교,중학교,354,84,90.1,81.1,80.8,6.3,,20,315,37.61614897,127.0145684
3,강북구,강북구 수유3동,강북중학교,중학교,187,75.2,89.8,72.2,63.6,5.4,,7,129,37.6449159,127.0253734
4,강북구,강북구 미아동,성암여자중학교,중학교,227,75,91.6,70.9,62.6,0.6,,1,148,37.62041353,127.0239059
5,강북구,강북구 미아동,창문여자중학교,중학교,193,74.8,90.2,73.6,60.6,4.2,,5,119,37.6134057,127.0357962
6,강북구,강북구 미아동,신일중학교,중학교,159,74.4,87.4,68.5,67.3,0,,0,86,37.62796722,127.0284273
7,강북구,강북구 미아동,솔샘중학교,중학교,206,72.6,84,68.5,65.5,5.6,,9,158,37.62366717,127.0121792
8,강북구,강북구 우이동,서라벌중학교,중학교,131,70.5,84,63.4,64.1,2.5,,3,116,37.65698403,127.0114883
9,강북구,강북구 번동,번동중학교,중학교,229,67.8,83.8,67.2,52.4,1.3,,2,151,37.63244533,127.0362077
10,강북구,강북구 수유동,화계중학교,중학교,181,66.1,87.9,55.3,55.2,3.2,,4,124,37.63251806,127.0097091
11,강북구,강북구 수유동,인수중학교,중학교,208,64.2,77.4,59.1,56.2,1.3,,2,147,37.64386667,127.0099213
12,강북구,강북구 수유동,수유중학교,중학교,177,63.5,81.4,59.9,49.2,0.6,,1,153,37.6315652,127.0104838
13,강북구,강북구 번동,수송중학교,중학교,192,60.2,79.7,50,51,3.6,,5,137,37.63680065,127.0339176
1,강북구,강북구 미아동,신일고등학교,고등학교,381,94.8,94.5,96.3,93.7,,52.5,172,327,37.62796722,127.0284031
2,강북구,강북구 미아4동,창문여자고등학교,고등학교,403,82.5,84.6,86.1,76.9,,46.5,137,294,37.6134057,127.0357962
3,강북구,강북구 수유동,혜화여자고등학교,고등학교,254,71.3,79.9,74.4,59.8,,36.5,73,200,37.63130842,127.013212
4,강북구,강북구 미아동,영훈고등학교,고등학교,405,64.6,68.2,67.2,58.4,,45.2,149,329,37.61468187,127.0280933
5,강북구,강북구 미아동,삼각산고등학교,고등학교,287,54.6,56.8,55.5,51.6,,36.7,76,207,37.61628573,127.0201333
6,강북구,강북구 미아동,솔샘고등학교,고등학교,183,52.8,54.4,48.9,55.2,,43.1,75,174,37.62366717,127.0121354
1,강서구,강서구 내발산동,명덕여자중학교,중학교,215,91.9,96.7,93,86,3.3,,6,180,37.55394399,126.8342914
2,강서구,강서구 염창동,염창중학교,중학교,337,88.5,92.6,86.9,86,3.6,,10,272,37.55426407,126.8717473
3,강서구,강서구 가양동,성재중학교,중학교,148,87.6,93.9,84.5,84.5,2.2,,3,131,37.56944938,126.8452953
4,강서구,강서구 내발산동,화곡중학교,중학교,203,87.3,92.6,86.7,82.8,3.7,,7,188,37.5484056,126.8326573
5,강서구,강서구 내발산1동,덕원중학교,중학교,277,86.6,92.4,85.9,81.6,3.3,,8,241,37.54862258,126.8290245
6,강서구,강서구 염창동,염경중학교,중학교,254,86,91.7,85.4,81.1,2.8,,6,210,37.55453781,126.8705292
7,강서구,강서구 방화동,삼정중학교,중학교,114,82.7,92.1,78.1,78.1,0,,0,112,37.5814869,126.8106015
8,강서구,강서구 등촌동,등명중학교,중학교,251,82,89.6,78.5,78.1,0.9,,2,214,37.56019335,126.8433041
9,강서구,강서구 등촌동,등원중학교,중학교,150,77.8,86,76.7,70.7,1,,1,93,37.55971763,126.8516806
10,강서구,강서구 등촌동,마포중학교,중학교,216,76.6,87,68.2,74.7,5.1,,6,116,37.55998867,126.8531334
11,강서구,강서구 방화동,방원중학교,중학교,152,76.1,86.9,73.7,67.8,0,,0,117,37.57597576,126.8086174
12,강서구,강서구 공항동,공항중학교,중학교,216,74.4,86.6,70.4,66.2,3.6,,6,165,37.56217751,126.8149668
13,강서구,강서구 등촌동,백석중학교,중학교,320,73.7,86.6,69.4,65.3,1.1,,2,178,37.54829091,126.8589539
14,강서구,강서구 내발산동,수명중학교,중학교,234,73,81.2,72.3,65.5,1.9,,4,202,37.54856699,126.8240596
15,강서구,강서구 마곡동,마곡중학교,중학교,67,72.6,86.6,67.2,64.2,1.9,,4,202,37.56790712,126.8214009
16,강서구,강서구 화곡동,신정여자중학교,중학교,196,71.4,89.8,72.1,52.3,0.6,,1,151,37.53838143,126.8570622
17,강서구,강서구 가양동,경서중학교,중학교,86,70.1,88.4,62.8,59.3,0,,0,66,37.56124186,126.857764
18,강서구,강서구 가양동,공진중학교,중학교,67,69.6,86.6,65.7,56.7,0,,0,52,,
19,강서구,강서구 등촌동,등촌중학교,중학교,196,69.2,84.7,65.8,57.1,0,,0,122,37.55248221,126.8592148
20,강서구,강서구 공항동,송정중학교,중학교,92,65.2,79.3,57.6,58.7,1.7,,1,58,37.55315807,126.8152435
21,강서구,강서구 방화동,방화중학교,중학교,177,65,79.2,62.1,53.7,0,,0,133,37.56433471,126.8071069
22,강서구,강서구 화곡동,화원중학교,중학교,266,62.1,79.2,56.4,50.9,0,,0,166,37.53621409,126.8424164
1,강서구,강서구 내발산동,명덕외국어고등학교,고등학교,273,99.6,98.9,100,100,,53.9,130,241,37.55394399,126.8342914
2,강서구,강서구 내발산동,명덕고등학교,고등학교,367,92.3,93.2,93.5,90.2,,51.6,128,248,37.55390749,126.8342914
3,강서구,강서구 내발산동,덕원여자고등학교,고등학교,455,91.3,93.9,94.7,85.5,,52.5,186,354,37.54862258,126.8290245
4,강서구,강서구 내발산동,명덕여자고등학교,고등학교,510,91.3,93.3,94.3,86.3,,47.4,169,356,37.55394399,126.8342914
5,강서구,강서구 등촌동,마포고등학교,고등학교,331,85.2,82.8,89.1,83.7,,52.5,154,293,37.55998867,126.8531334
6,강서구,강서구 방화동,한서고등학교,고등학교,235,85.1,86.4,90.2,78.7,,55.5,115,207,37.5747927,126.8081439
7,강서구,강서구 가양동,동양고등학교,고등학교,183,84.4,86.9,84.8,81.5,,55.8,86,154,37.56901968,126.8470811
8,강서구,강서구 등촌동,경복여자고등학교,고등학교,255,82.7,86.7,87.9,73.7,,59,134,227,37.55782183,126.8505957
9,강서구,강서구 등촌동,영일고등학교,고등학교,492,76.1,70.5,81.9,76,,45.1,130,288,37.54728726,126.8620589
10,강서구,강서구 가양동,세현고등학교,고등학교,245,73.5,74,76.3,70.2,,45,86,191,37.56043066,126.8636211
11,강서구,강서구 내발산동,덕원예술고등학교,고등학교,197,72.6,83.3,88.3,46.2,,67.5,133,197,37.54862258,126.8290245
12,강서구,강서구 등촌2동,대일고등학교,고등학교,388,68.3,64.7,71.1,69.1,,39.9,137,343,37.53958612,126.8625699
13,강서구,강서구 내발산동,수명고등학교,고등학교,261,67.6,69.3,70.2,63.4,,38.5,74,192,37.54976186,126.8247662
14,강서구,강서구 내발산동,화곡고등학교,고등학교,322,62.8,61.2,65.2,62.1,,47.1,130,276,37.54793611,126.8315357
15,강서구,강서구 방화동,공항고등학교,고등학교,214,55.1,59.8,58.4,47.2,,35,60,171,37.57046109,126.8185198
16,강서구,강서구 등촌동,등촌고등학교,고등학교,249,49.6,49.8,55,44.2,,38.8,73,188,37.56294522,126.8450461
17,강서구,강서구 화곡동,한광고등학교,고등학교,91,10.2,12.4,9.6,8.8,,34,32,94,37.53884371,126.857922
1,관악구,관악구 봉천동,구암중학교,중학교,425,82.6,90.6,81.9,75.3,2,,8,386,37.49277532,126.948602
2,관악구,관악구 봉천동,서울문영여자중학교,중학교,125,82.4,92.8,80,74.4,2.7,,3,110,37.47290457,126.9509181
3,관악구,관악구 봉천동,인헌중학교,중학교,267,79.6,91.4,75.3,72.3,2.3,,4,167,37.47269621,126.9688402
4,관악구,관악구 신림동,삼성중학교,중학교,143,77.8,90.2,72.7,70.6,3.1,,3,94,37.4676059,126.9425132
5,관악구,관악구 신림동,광신중학교,중학교,136,77.4,90.4,75,66.9,0.9,,1,107,37.4644762,126.9259406
6,관악구,관악구 봉천동,봉원중학교,중학교,200,77.4,88,73.1,71.1,0.5,,1,182,37.48410274,126.9588909
7,관악구,관악구 신림동,미성중학교,중학교,191,74.8,89.5,69.6,65.4,0,,0,147,37.47538281,126.9120889
8,관악구,관악구 봉천동,관악중학교,중학교,155,74.2,90.3,66.5,65.8,0.8,,1,116,37.48125828,126.9619123
9,관악구,관악구 신림동,성보중학교,중학교,233,71.8,86.3,70,59.2,1,,2,193,37.48072837,126.9209573
10,관악구,관악구 난곡동,난우중학교,중학교,235,68.8,86.8,62,57.6,0,,0,161,37.46680396,126.9228283
11,관악구,관악구 신림동,남서울중학교,중학교,132,67.9,84.1,62.9,56.8,0.9,,1,105,37.48213625,126.9210371
12,관악구,관악구 신림동,남강중학교,중학교,172,67.2,84.9,57.6,59.3,0,,0,114,37.47137567,126.9249091
13,관악구,관악구 봉천동,봉림중학교,중학교,151,65.5,78.2,55.6,62.9,3.3,,3,90,37.48119817,126.9377027
14,관악구,관악구 봉천동,당곡중학교,중학교,243,64.9,83.9,55.3,55.6,1.1,,2,174,37.4923589,126.9326777
15,관악구,관악구 신림동,신림중학교,중학교,167,63.6,73.6,55.1,62.3,0,,0,116,37.47032734,126.946004
16,관악구,관악구 신림동,신관중학교,중학교,128,63.3,80.5,55.5,53.9,0,,0,80,37.48020125,126.9344522
1,관악구,관악구 신림동,미림여자고등학교,고등학교,138,97.1,97.8,98.6,94.9,,74.4,134,180,37.4661018,126.9319279
2,관악구,관악구 봉천동,서울문영여자고등학교,고등학교,297,89,90.6,93.6,82.9,,57.2,111,194,37.47290457,126.9509181
3,관악구,관악구 신림동,광신고등학교,고등학교,273,83,82.8,88.7,77.6,,55.4,106,191,37.4644762,126.9259406
4,관악구,관악구 미성동,성보고등학교,고등학교,303,82.2,81.2,83.5,81.9,,46,100,217,37.48072837,126.9209573
5,관악구,관악구 봉천동,구암고등학교,고등학교,239,78.8,82.4,83.7,70.3,,35.9,73,203,37.49244195,126.949625
6,관악구,관악구 신림동,남강고등학교,고등학교,284,75.4,73.9,81,71.5,,47.6,114,239,37.47137567,126.9249091
7,관악구,관악구 봉천동,서울미술고등학교,고등학교,199,72,92,93,31.1,,60.7,116,191,37.47669631,126.9667485
8,관악구,관악구 봉천동,영락고등학교,고등학교,174,67.4,74.1,72,56.3,,51.9,79,152,37.47654259,126.9454164
9,관악구,관악구 신림9동,삼성고등학교,고등학교,186,62.9,67.8,67.8,53.2,,42.8,60,140,37.46913998,126.9436438
10,관악구,관악구 봉천동,인헌고등학교,고등학교,179,57.8,57,64.5,52,,44.7,77,172,37.47231073,126.9704851
11,관악구,관악구 봉천동,당곡고등학교,고등학교,327,56.5,61.8,60.3,47.4,,41.1,104,253,37.49176034,126.9342464
12,관악구,관악구 신림동,신림고등학교,고등학교,211,53.1,58.3,54.2,46.9,,38.5,69,179,37.47921049,126.9169672
1,광진구,광진구 중곡동,대원국제중학교,중학교,164,100,100,100,100,27.1,,44,162,37.56249279,127.0894181
2,광진구,광진구 광장동,광남중학교,중학교,389,97.6,99,97.2,96.7,7.7,,28,363,37.54083041,127.1016205
3,광진구,광진구 광장동,양진중학교,중학교,326,93.5,95.4,93.3,92,3.3,,11,329,37.54457517,127.0983485
4,광진구,광진구 자양동,자양중학교,중학교,282,81.2,90.8,78.7,74.1,2.7,,6,222,37.53539805,127.074384
5,광진구,광진구 구의동,동국대학교사범대학부속중학교,중학교,204,78.2,92.6,80.9,61.3,0.7,,1,129,37.57804718,127.0751705
6,광진구,광진구 자양동,광양중학교,중학교,186,76.8,90.3,74.3,65.8,1.9,,3,151,37.53089134,127.08617
7,광진구,광진구 자양동,광진중학교,중학교,166,76.1,89.8,72.9,65.7,0,,0,99,37.53221959,127.0901621
8,광진구,광진구 화양동,구의중학교,중학교,195,70.9,83.6,67.7,61.5,0,,0,143,37.5428503,127.0788404
9,광진구,광진구 광장동,광장중학교,중학교,307,70.8,82.7,65.5,64.2,0.5,,1,183,37.54717752,127.1019276
10,광진구,광진구 자양동,건국대학교사범대학부속중학교,중학교,264,68.8,85.2,63.6,57.6,1.8,,4,211,37.54172407,127.0815971
11,광진구,광진구 자양동,신양중학교,중학교,129,67.1,82.9,62.8,55.8,2.3,,2,86,37.53365227,127.0634311
12,광진구,광진구 중곡동,용곡중학교,중학교,338,65.5,81.7,57.8,57.2,0.9,,2,210,37.56595126,127.0890896
1,광진구,광진구 중곡동,대원외국어고등학교,고등학교,268,99.7,99.6,100,99.6,,80.1,206,257,37.56249279,127.0894374
2,광진구,광진구 광장동,광남고등학교,고등학교,510,82.6,83.5,85.3,79.2,,38.9,134,344,37.54151472,127.1012139
3,광진구,광진구 구의동,동국대학교사범대학부속여자고등학교,고등학교,354,82.5,88.2,87.3,72,,55.2,115,208,37.57804718,127.075133
4,광진구,광진구 중곡동,대원여자고등학교,고등학교,343,75.5,87.5,82.8,56.3,,55.7,127,228,37.56249619,127.0894052
5,광진구,광진구 화양동,건국대학교사범대학부속고등학교,고등학교,460,72.7,72.3,78.3,67.7,,41.5,138,332,37.53918267,127.0747119
6,광진구,광진구 자양동,광양고등학교,고등학교,251,68.1,72.1,67.7,64.5,,43.3,69,159,37.52937892,127.0851823
7,광진구,광진구 자양동,자양고등학교,고등학교,403,62.5,62.3,66.4,58.9,,33.8,86,254,37.53607797,127.0733395
8,광진구,광진구 중곡4동,대원고등학교,고등학교,339,57.6,58.4,56.3,58.1,,43.1,101,234,37.56249279,127.0894374
1,구로구,구로구 신도림동,신도림중학교,중학교,354,89.9,92.6,91,86.1,3.8,,13,338,37.51074073,126.8848071
2,구로구,구로구 오류동,오남중학교,중학교,174,82.4,93.7,81.7,72,1.5,,3,191,37.48705969,126.837249
3,구로구,구로구 구로동,구일중학교,중학교,198,81.1,90.9,80.3,72.2,3.3,,5,150,37.49530091,126.8737702
4,구로구,구로구 고척동,고척중학교,중학교,413,78.6,87.1,75.3,73.4,1.8,,6,320,37.49974083,126.8613425
5,구로구,구로구 개봉동,경인중학교,중학교,227,76.3,88.1,73.6,67.4,1.2,,2,163,37.49846566,126.8536725
6,구로구,구로구 궁동,우신중학교,중학교,156,69.6,87.2,65,56.7,2.6,,4,149,37.49490231,126.8263536
7,구로구,구로구 구로동,구로중학교,중학교,209,69.2,87.1,60.9,59.8,1.4,,2,141,37.49485972,126.8910999
8,구로구,구로구 구로동,영림중학교,중학교,259,69,81.9,65.6,59.6,0.5,,1,173,37.49721962,126.8906895
9,구로구,구로구 천왕동,천왕중학교,중학교,235,68.9,86.8,65.9,54.2,0.4,,1,225,37.48265442,126.8373336
10,구로구,구로구 개봉동,개봉중학교,중학교,205,66.9,81.9,58.5,60.5,0,,0,141,37.50352932,126.8423998
11,구로구,구로구 고척동,오류중학교,중학교,221,63.9,80.5,52.9,58.4,0.9,,1,106,37.50786222,126.8462113
12,구로구,구로구 구로동,영서중학교,중학교,240,62.7,77.1,53.1,57.9,1,,2,187,37.48911393,126.8956154
13,구로구,구로구 개봉동,개웅중학교,중학교,278,55.4,72.9,44.8,48.6,1.6,,3,186,37.4875269,126.8510711
1,구로구,구로구 궁동,세종과학고등학교,고등학교,163,99.6,98.8,100,100,,75.9,136,179,37.4975694,126.8273517
2,구로구,구로구 궁동,오류고등학교,고등학교,200,88.3,91.5,91.5,82,,44.1,57,129,37.50035507,126.827683
3,구로구,구로구 구로동,구현고등학교,고등학교,329,85,86.6,89.7,78.8,,54,121,224,37.50220279,126.8744458
4,구로구,구로구 궁동,우신고등학교,고등학교,200,84,83.5,86.1,82.6,,40,92,230,37.49490231,126.8263536
5,구로구,구로구 신도림동,신도림고등학교,고등학교,255,78.8,82,81.6,72.9,,44,93,211,37.51406292,126.8820838
6,구로구,구로구 구로1동,구일고등학교,고등학교,400,67.7,72.7,67.1,63.3,,45.2,106,234,37.49350529,126.8746185
7,구로구,구로구 고척동,고척고등학교,고등학교,317,60.5,63.7,63.7,54.3,,38.6,99,256,37.50804938,126.8498691
8,구로구,구로구 구로동,구로고등학교,고등학교,349,60.3,62.2,63.1,55.7,,39.4,107,271,37.49884008,126.8903092
9,구로구,구로구 고척동,경인고등학교,고등학교,424,59.6,59.4,61.9,57.6,,41.4,148,357,37.49599268,126.8654289
10,구로구,구로구 궁동,서울공연예술고등학교,고등학교,266,40.3,48.1,58.4,14.6,,46.6,124,266,37.49993066,126.8326087
1,금천구,금천구 시흥동,동일중학교,중학교,218,80.1,92.7,78,69.7,1,,2,186,37.45193626,126.9158199
2,금천구,금천구 독산동,안천중학교,중학교,176,78.4,90.9,76.7,67.6,0,,0,136,37.45952426,126.8874988
3,금천구,금천구 시흥동,시흥중학교,중학교,298,72.9,86.6,69.4,62.8,0.5,,1,175,37.44629507,126.9050823
4,금천구,금천구 독산동,가산중학교,중학교,172,65.3,87.2,54.7,54.1,1.6,,2,118,37.46877706,126.8944749
5,금천구,금천구 시흥동,문일중학교,중학교,177,64.8,81.4,55.9,57.1,0,,0,132,37.44891526,126.8987207
6,금천구,금천구 독산동,세일중학교,중학교,163,63.8,76.7,57.7,57.1,0.6,,1,148,37.47459441,126.8953689
7,금천구,금천구 독산동,난곡중학교,중학교,146,62.8,83.6,52.7,52.1,0,,0,115,37.47804558,126.9107916
8,금천구,금천구 독산동,문성중학교,중학교,158,61.6,80.4,55.1,49.4,0.9,,1,107,37.4754682,126.9084938
9,금천구,금천구 시흥동,한울중학교,중학교,227,58.9,75.8,47.6,53.3,0,,0,182,37.46240099,126.9071815
1,금천구,금천구 시흥동,동일여자고등학교,고등학교,329,87.6,88.5,91.8,82.7,,57.2,119,208,37.45193626,126.9158199
2,금천구,금천구 시흥동,문일고등학교,고등학교,377,70.5,68.2,68.2,75.3,,57.6,180,312,37.44891526,126.8987207
3,금천구,금천구 독산동,독산고등학교,고등학교,242,54,58.7,55.5,47.9,,38.9,74,190,37.47621872,126.9109732
4,금천구,금천구 시흥동,금천고등학교,고등학교,315,52.4,54,55.9,47.3,,38.8,94,242,37.44480673,126.9049018
1,노원구,노원구 중계1동,을지중학교,중학교,273,91.5,95.3,91.9,87.5,7.9,,19,239,37.64978791,127.0717084
2,노원구,노원구 중계동,상명중학교,중학교,314,90.2,94.6,90.1,86,8.1,,18,222,37.64954781,127.0680416
3,노원구,노원구 하계동,불암중학교,중학교,362,88.8,93.1,88.1,85.3,10,,34,339,37.64573547,127.0734572
4,노원구,노원구 중계동,중계중학교,중학교,351,87.6,93.2,86,83.8,5.5,,16,289,37.65563822,127.0752409
5,노원구,노원구 하계동,중평중학교,중학교,340,87.1,91.8,85.6,84.1,6.3,,16,252,37.63697638,127.0623933
6,노원구,노원구 공릉동,태랑중학교,중학교,263,86.4,92.8,85.2,81.4,7.8,,16,205,37.62698409,127.0913718
7,노원구,노원구 상계동,신상중학교,중학교,182,86.1,93.4,86.3,78.6,2.7,,4,145,37.65190308,127.0639869
8,노원구,노원구 상계동,노원중학교,중학교,197,85.9,92.9,85.3,79.7,3.2,,5,152,37.64936114,127.059692
9,노원구,노원구 상계동,상계중학교,중학교,317,85.6,92.1,83.3,81.4,3.9,,8,204,37.65260154,127.0689222
10,노원구,노원구 상계동,상경중학교,중학교,283,85.1,92.2,85.2,78.1,1.4,,3,209,37.66714877,127.0537053
11,노원구,노원구 상계동,노일중학교,중학교,235,84.6,93.6,80.8,79.6,2.3,,3,128,37.67260103,127.0535508
12,노원구,노원구 하계동,하계중학교,중학교,446,83.2,91.7,80.7,77.4,3.2,,11,342,37.64136991,127.0723336
13,노원구,노원구 월계동,녹천중학교,중학교,181,83,92.3,81.2,75.7,1.7,,2,114,37.63108361,127.0617375
14,노원구,노원구 상계동,청원중학교,중학교,233,82.8,90.6,82.8,75.1,0.5,,1,181,37.66525155,127.0625329
15,노원구,노원구 상계동,상원중학교,중학교,238,81.9,91.2,81.9,72.7,1.9,,3,157,37.67176621,127.0595044
16,노원구,노원구 공릉동,한천중학교,중학교,314,81.3,92,79.6,72.3,2.6,,6,225,37.63131395,127.0724683
17,노원구,노원구 공릉동,공릉중학교,중학교,311,80.9,90.4,80.4,72,1.3,,3,219,37.62222778,127.0836019
18,노원구,노원구 상계동,수락중학교,중학교,145,80.4,83.4,80.7,77.3,0,,0,148,37.68314469,127.0548083
19,노원구,노원구 중계동,중원중학교,중학교,294,78.8,89.8,72.8,73.8,3,,6,197,37.64423868,127.0680295
20,노원구,노원구 월계동,광운중학교,중학교,164,78.4,87.2,76.8,71.3,2,,3,147,37.61923977,127.0565452
21,노원구,노원구 중계동,재현중학교,중학교,259,77.4,88.8,74.1,69.5,1.2,,2,163,37.66126447,127.0807998
22,노원구,노원구 상계동,온곡중학교,중학교,251,77.2,88.8,74.5,68.5,0.5,,1,179,37.66058142,127.0643327
23,노원구,노원구 월계동,염광중학교,중학교,199,74.1,84.9,74,63.5,0,,0,119,37.6302165,127.0492646
24,노원구,노원구 중계동,상계제일중학교,중학교,262,71.2,83.5,66.2,63.9,2,,4,196,37.6610756,127.0780785
25,노원구,노원구 월계동,신창중학교,중학교,141,69.7,85.8,68.1,55.3,3,,3,98,37.6285588,127.0474776
26,노원구,노원구 월계동,월계중학교,중학교,172,61.6,75.6,59.3,50,1,,1,98,37.63113114,127.0523203
1,노원구,노원구 중계동,대진여자고등학교,고등학교,518,95.7,97.3,98.3,91.5,,73,233,319,37.64617362,127.0671966
2,노원구,노원구 중계동,영신여자고등학교,고등학교,452,93.4,97.1,97.1,86.1,,44.1,116,263,37.65245208,127.0832893
3,노원구,노원구 상계동,용화여자고등학교,고등학교,490,92.7,93.5,97.1,87.5,,55.4,162,292,37.65913138,127.0582807
4,노원구,노원구 하계동,대진고등학교,고등학교,500,87.3,85.6,91,85.4,,47.8,163,341,37.63780685,127.07609
5,노원구,노원구 중계동,서라벌고등학교,고등학교,564,87.3,83.8,91.7,86.5,,64.8,232,358,37.64525653,127.0758406
6,노원구,노원구 하계동,혜성여자고등학교,고등학교,408,80.3,84.8,87.3,68.9,,41.2,132,320,37.64055021,127.0736197
7,노원구,노원구 상계동,청원여자고등학교,고등학교,408,77,80.2,84.3,66.7,,46.8,158,337,37.66525155,127.0625329
8,노원구,노원구 중계동,재현고등학교,고등학교,469,76.6,72.2,81.5,76.2,,50,150,300,37.66129064,127.0807998
9,노원구,노원구 월계동,염광고등학교,고등학교,305,76.4,74.1,85.9,69.2,,47,112,238,37.63028445,127.0492646
10,노원구,노원구 상계동,노원고등학교,고등학교,244,72,73,75.4,67.6,,46.7,85,182,37.66180319,127.0540195
11,노원구,노원구 상계동,상계고등학교,고등학교,415,71.6,72.3,77.2,65.5,,47.9,127,265,37.65272468,127.0554534
12,노원구,노원구 중계본동,불암고등학교,고등학교,397,70.2,70,75.6,65,,44.4,125,281,37.64915853,127.0803058
13,노원구,노원구 중계동,상명고등학교,고등학교,370,67.7,70.3,71.9,61.1,,46.1,127,275,37.64954781,127.0680416
14,노원구,노원구 상계동,청원고등학교,고등학교,521,67.4,65.8,71.2,65.3,,52.7,218,413,37.66525155,127.0625329
15,노원구,노원구 월계동,월계고등학교,고등학교,249,65.7,69.5,70.4,57.2,,39.7,78,196,37.63173301,127.0487159
16,노원구,노원구 상계동,수락고등학교,고등학교,245,63.8,64.9,69.1,57.5,,45.6,84,184,37.68293167,127.053571
1,도봉구,도봉구 창동,노곡중학교,중학교,179,92.7,97.8,92.7,87.7,4.5,,6,131,37.64880251,127.0537437
2,도봉구,도봉구 쌍문동,선덕중학교,중학교,280,91,96.8,91.4,85,4.2,,9,211,37.65634868,127.0268766
3,도봉구,도봉구 방학동,창동중학교,중학교,298,84.4,91.6,84.9,76.9,8.5,,18,211,37.66322957,127.0489975
4,도봉구,도봉구 쌍문동,정의여자중학교,중학교,179,83.8,95,87.1,69.3,10.6,,14,132,37.65335584,127.0324273
5,도봉구,도봉구 창동,창일중학교,중학교,310,83.5,91.9,82.2,76.4,3,,7,226,37.64898751,127.0469136
6,도봉구,도봉구 방학동,신방학중학교,중학교,234,82.7,92.3,78.6,77.3,0,,0,143,37.66414043,127.028899
7,도봉구,도봉구 창동,창북중학교,중학교,232,75.1,87.5,69.8,68.1,1.6,,3,177,37.64911577,127.0388329
8,도봉구,도봉구 쌍문동,신도봉중학교,중학교,238,71.5,87.4,66.8,60.5,1.8,,3,165,37.64959473,127.0332017
9,도봉구,도봉구 도봉동,북서울중학교,중학교,211,71.1,85.8,63.5,64,4.7,,7,146,37.68154186,127.0428342
10,도봉구,도봉구 쌍문동,효문중학교,중학교,192,69.4,85.4,62,60.9,3.6,,4,111,37.65269871,127.0184005
11,도봉구,도봉구 쌍문동,백운중학교,중학교,233,67.1,82.8,60.1,58.4,4.9,,7,142,37.65640592,127.0359041
12,도봉구,도봉구 도봉2동,도봉중학교,중학교,256,67.1,85.6,62.2,53.5,2.2,,3,133,37.67088384,127.0458717
13,도봉구,도봉구 방학동,방학중학교,중학교,222,56.1,75.7,46,46.8,2.6,,4,149,37.66546957,127.030859
1,도봉구,도봉구 창동,서울외국어고등학교,고등학교,268,98,97.8,99.6,96.6,,60.4,133,220,37.64578079,127.0515087
2,도봉구,도봉구 쌍문동,선덕고등학교,고등학교,387,97.7,97.9,98.2,97.2,,66.7,247,370,37.65634868,127.0268766
3,도봉구,도봉구 쌍문동,정의여자고등학교,고등학교,383,87.2,90.3,90.6,80.7,,52.7,135,256,37.65335584,127.0324273
4,도봉구,도봉구 창1동,창동고등학교,고등학교,414,73.7,75.4,79,66.9,,47.5,163,343,37.65103577,127.0388191
5,도봉구,도봉구 도봉동,도봉고등학교,고등학교,103,66,61.2,68.9,68,,45.4,35,77,37.67088384,127.0458717
6,도봉구,도봉구 쌍문동,효문고등학교,고등학교,176,64.2,68.8,62.5,61.4,,40.5,62,153,37.65269871,127.0184005
7,도봉구,도봉구 도봉동,누원고등학교,고등학교,189,62.4,63.8,65.2,58.4,,42.8,66,154,37.68556896,127.0499327
8,도봉구,도봉구 창동,자운고등학교,고등학교,291,54.8,55.3,60.9,48.3,,44,96,218,37.65902067,127.0506763
1,동대문구,동대문구 회기동,경희여자중학교,중학교,217,86.3,94.9,84.3,79.7,2.2,,3,134,37.59394914,127.054891
2,동대문구,동대문구 휘경동,휘경여자중학교,중학교,187,86.2,97.3,85.6,75.9,1.3,,2,153,37.58190052,127.0674341
3,동대문구,동대문구 전농동,전농중학교,중학교,176,80.5,89.2,76.8,75.7,2.2,,3,135,37.58204428,127.0592794
4,동대문구,동대문구 신설동,대광중학교,중학교,178,79.3,89.3,78.6,70.2,1.6,,2,119,37.57795467,127.0253235
5,동대문구,동대문구 휘경동,전동중학교,중학교,164,78.8,92.1,74.4,70.1,1.3,,2,146,37.58619359,127.0709291
6,동대문구,동대문구 전농동,전일중학교,중학교,185,78.2,89.7,73.5,71.4,1.3,,2,146,37.58250018,127.0583795
7,동대문구,동대문구 회기동,경희중학교,중학교,224,75.1,91.1,69.6,64.7,0.6,,1,154,37.59394914,127.054891
8,동대문구,동대문구 제기동,정화여자중학교,중학교,74,74.3,91.9,67.6,63.5,0,,0,48,37.58604864,127.0410078
9,동대문구,동대문구 제기동,성일중학교,중학교,116,71.8,83.6,68.1,63.8,0,,0,97,37.58185023,127.0338291
10,동대문구,동대문구 답십리동,숭인중학교,중학교,119,71.4,87.4,68.1,58.8,0.8,,1,114,37.57392046,127.0440889
11,동대문구,동대문구 장안동,동국대학교사범대학부속중학교,중학교,207,68.4,82.1,64.3,58.9,1.3,,2,152,37.57804718,127.0751705
12,동대문구,동대문구 청량리동,청량중학교,중학교,191,68,85.3,64.2,54.7,1.4,,2,139,37.58821921,127.0506225
13,동대문구,동대문구 장안동,장평중학교,중학교,268,66.2,81.4,59.1,58.2,1.3,,3,219,37.56685961,127.0704776
14,동대문구,동대문구 휘경동,휘경중학교,중학교,154,65.3,78.6,58.4,59.1,1.1,,1,84,37.58709299,127.0617461
15,동대문구,동대문구 전농1동,동대문중학교,중학교,254,63.8,79.9,58,53.7,1.9,,3,157,37.57452207,127.0519943
1,동대문구,동대문구 회기동,경희여자고등학교,고등학교,268,91.4,94,94.8,85.5,,53.6,80,149,37.59394914,127.054891
2,동대문구,동대문구 신설동,대광고등학교,고등학교,342,89.7,88.3,93.6,87.4,,56,175,312,37.57795467,127.0253235
3,동대문구,동대문구 장안동,동국대학교사범대학부속고등학교,고등학교,390,87.1,81.5,90.5,89.5,,70.1,207,295,37.57804718,127.075133
4,동대문구,동대문구 전농동,해성여자고등학교,고등학교,288,86.2,91.7,89.9,77.1,,44.4,96,216,37.5818726,127.0569769
5,동대문구,동대문구 휘경동,휘경여자고등학교,고등학교,347,84.8,87.9,86.5,80.1,,50.7,135,266,37.58190052,127.0674341
6,동대문구,동대문구 회기동,경희고등학교,고등학교,266,84.6,83.5,87.2,83.1,,55.1,135,245,37.59394914,127.054891
7,동대문구,동대문구 휘경동,휘봉고등학교,고등학교,180,55.3,57.2,60,48.9,,45.5,66,145,37.58647725,127.068852
8,동대문구,동대문구 청량리1동,청량고등학교,고등학교,362,54.3,59.9,59.5,43.5,,33.9,88,259,37.588886,127.051311
1,동작구,동작구 대방동,숭의여자중학교,중학교,197,93.7,98.5,96.5,86.3,2.3,,4,170,37.50736414,126.9292433
2,동작구,동작구 신대방동,대방중학교,중학교,310,88.6,95.5,87.7,82.6,5.8,,16,273,37.49543678,126.9130162
3,동작구,동작구 동작동,동작중학교,중학교,142,85.4,89.4,85.9,81,1.3,,2,143,37.49546195,126.9778016
4,동작구,동작구 상도동,상현중학교,중학교,208,84.9,92.3,83.7,78.9,3.6,,6,166,37.49398955,126.9603433
5,동작구,동작구 사당동,상도중학교,중학교,171,83.6,91.2,80.8,79,1.4,,2,142,37.4909219,126.9614756
6,동작구,동작구 대방동,성남중학교,중학교,261,83.4,87.3,82.4,80.5,1.4,,3,206,37.50528157,126.9266153
7,동작구,동작구 흑석동,중앙대학교사범대학부속중학교,중학교,289,80.5,90.3,79.6,71.6,1.6,,3,184,37.50362942,126.9617326
8,동작구,동작구 본동,동양중학교,중학교,137,79.5,91.2,74.5,73,2.5,,3,120,37.51022314,126.9574775
9,동작구,동작구 신대방동,문창중학교,중학교,164,79.1,91.5,75.8,70.1,1.4,,2,137,37.49580287,126.9224055
10,동작구,동작구 상도동,국사봉중학교,중학교,158,77.6,89.9,75.3,67.7,0,,0,104,37.49353263,126.9440557
11,동작구,동작구 상도동,장승중학교,중학교,248,77.5,88.3,76.3,67.9,1.8,,4,215,37.50314858,126.940834
12,동작구,동작구 대방동,영등포중학교,중학교,88,75,89.8,79.6,55.7,0,,0,74,37.5080846,126.9331435
13,동작구,동작구 사당동,사당중학교,중학교,170,70.9,80,68.2,64.7,1.9,,3,151,37.48776119,126.9685407
14,동작구,동작구 대방동,강남중학교,중학교,168,69.8,82.7,67.9,58.9,1.4,,2,139,37.50276263,126.9233466
15,동작구,동작구 사당4동,남성중학교,중학교,148,66.7,81.8,56.1,62.2,0,,0,123,37.47900822,126.972489
16,동작구,동작구 상도동,강현중학교,중학교,170,65.2,82.9,59.4,53.5,0.7,,1,128,37.50311599,126.9307563
1,동작구,동작구 동작동,경문고등학교,고등학교,300,91.1,91,93,89.4,,50.5,91,180,37.49341886,126.9822734
2,동작구,동작구 대방동,숭의여자고등학교,고등학교,348,90.3,94.5,93.1,83.3,,52.4,137,261,37.50736414,126.9292433
3,동작구,동작구 신대방동,수도여자고등학교,고등학교,383,77.5,82,82.3,68.2,,45.5,139,305,37.49280146,126.9149071
4,동작구,동작구 대방동,성남고등학교,고등학교,452,74.2,71.7,78.1,73,,52.5,168,320,37.50528157,126.9266153
5,동작구,동작구 사당동,동작고등학교,고등학교,275,60.7,64.7,65.6,51.8,,44,97,220,37.48260194,126.9650863
6,동작구,동작구 대방동,영등포고등학교,고등학교,180,59,57.2,66.1,53.9,,48.3,88,182,37.5080846,126.9331435
1,마포구,마포구 염리동,서울여자중학교,중학교,157,90.9,97.5,93,82.2,5.1,,7,137,37.5477805,126.94907
2,마포구,마포구 상암동,상암중학교,중학교,369,86.5,95.1,83.2,81.3,1.9,,8,402,37.57905692,126.8875508
3,마포구,마포구 중동,중암중학교,중학교,309,86.3,91.9,86.2,81,3.6,,8,218,37.57243177,126.9035851
4,마포구,마포구 대흥동,숭문중학교,중학교,174,84.6,91.9,83.3,78.7,2.9,,4,135,37.55089081,126.9457689
5,마포구,마포구 신수동,신수중학교,중학교,168,83.1,91.1,84.5,73.8,1.1,,2,169,37.545923,126.934132
6,마포구,마포구 염리동,동도중학교,중학교,222,82.9,91.9,79.3,77.5,3.9,,9,229,37.54670177,126.9469053
7,마포구,마포구 신수동,광성중학교,중학교,148,81.5,87.2,83.8,73.6,0,,0,92,37.54869756,126.9359696
8,마포구,마포구 성산동,홍익대학교사범대학부속여자중학교,중학교,155,78.9,91.6,80.6,64.5,2.6,,3,112,37.55964474,126.9132084
9,마포구,마포구 노고산동,창천중학교,중학교,127,76.9,88.2,77.9,64.6,2,,2,100,37.55498958,126.9392951
10,마포구,마포구 합정동,성산중학교,중학교,270,75.9,88.2,72.2,67.4,1,,2,186,37.54731637,126.9165628
11,마포구,마포구 성산동,성사중학교,중학교,224,74.8,89.3,71.9,63.4,1.6,,2,123,37.5680911,126.912683
12,마포구,마포구 아현동,아현중학교,중학교,167,74.6,88.6,73.1,62.3,0.6,,1,150,37.55640071,126.9565
13,마포구,마포구 연남동,경성중학교,중학교,160,73.5,86.2,70.6,63.8,1,,1,95,37.56351064,126.9191663
14,마포구,마포구 성산동,성서중학교,중학교,227,71.1,81.1,70.1,62.1,1.2,,2,162,37.5627873,126.9079522
1,마포구,마포구 대흥동,숭문고등학교,고등학교,244,94.8,94.7,96.7,93,,58.3,98,168,37.55087275,126.9457596
2,마포구,마포구 성산동,홍익대학교사범대학부속여자고등학교,고등학교,327,82.7,86.6,89.3,72.2,,51,119,233,37.55964474,126.9132084
3,마포구,마포구 염리동,서울여자고등학교,고등학교,321,81.6,86,88.8,70.1,,47.5,109,229,37.5477805,126.94907
4,마포구,마포구 상암동,상암고등학교,고등학교,353,73.1,73.7,78.8,66.9,,38,114,300,37.58138322,126.8833945
5,마포구,마포구 연남동,경성고등학교,고등학교,249,67.6,67.9,66.3,68.7,,44.5,99,222,37.56351064,126.9191663
6,마포구,마포구 신수동,광성고등학교,고등학교,266,65,62.8,67.3,65,,57.5,126,219,37.54869756,126.9359696
1,서대문구,서대문구 천연동,동명여자중학교,중학교,133,90,97.8,88.7,83.6,6.7,,7,103,37.56861542,126.9622529
2,서대문구,서대문구 대신동,이화여자대학교사범대학부속이화·금란중학교,중학교,220,86.3,93.2,82.7,83.2,9.7,,12,123,37.56264282,126.9444886
3,서대문구,서대문구 홍은동,정원여자중학교,중학교,214,85.5,94,86,76.7,2.1,,3,141,37.58538212,126.9333431
4,서대문구,서대문구 북가좌동,가재울중학교,중학교,224,85.4,92.9,79.9,83.6,4.8,,10,208,37.57517186,126.9099537
5,서대문구,서대문구 북아현동,중앙여자중학교,중학교,103,81.2,94.2,79.6,69.9,0,,0,85,37.56317672,126.9540593
6,서대문구,서대문구 연희동,연북중학교,중학교,173,80,90.8,76.4,72.8,1.8,,2,107,37.57758095,126.9384801
7,서대문구,서대문구 충정로2가,인창중학교,중학교,160,76.6,86.2,73.1,70.6,2.7,,3,110,37.56488513,126.9640232
8,서대문구,서대문구 연희동,서연중학교,중학교,185,76.1,88.1,73.1,67.2,2.8,,3,104,37.56822527,126.9273336
9,서대문구,서대문구 북아현동,한성중학교,중학교,147,74.1,84.4,72.1,66,2,,2,97,37.55909644,126.9544565
10,서대문구,서대문구 남가좌동,연희중학교,중학교,291,73.8,86.9,70.1,64.6,2.5,,7,276,37.57958728,126.9187918
11,서대문구,서대문구 홍은동,명지중학교,중학교,247,73.5,87.9,70,62.7,2.2,,5,222,37.58491135,126.9270902
12,서대문구,서대문구 연희동,신연중학교,중학교,168,71.2,87.5,66.9,59.2,3.2,,4,123,37.58271543,126.9398364
13,서대문구,서대문구 홍제동,인왕중학교,중학교,194,71.1,82.5,67,63.9,0.5,,1,173,37.59273522,126.9517793
14,서대문구,서대문구 홍은동,홍은중학교,중학교,186,70.7,80.6,65,66.7,2.6,,3,112,37.59189151,126.9357524
1,서대문구,서대문구 현저동,한성과학고등학교,고등학교,142,99.7,99.3,100,100,,78.4,113,144,37.57543617,126.9523709
2,서대문구,서대문구 대신동,이화여자대학교사범대학부속이화금란고등학교,고등학교,405,94.9,95.3,95.3,94.3,,46.7,174,372,37.56638886,126.9473028
3,서대문구,서대문구 북아현동,한성고등학교,고등학교,222,80.6,80.6,84.7,76.6,,50.2,86,171,37.55909644,126.9544615
4,서대문구,서대문구 북아현동,중앙여자고등학교,고등학교,257,80.4,81.3,88.3,71.6,,41.6,67,161,37.56317672,126.9540593
5,서대문구,서대문구 충정로2가,인창고등학교,고등학교,258,69.6,70.5,73.6,64.7,,63.1,130,206,37.56488513,126.9640232
6,서대문구,서대문구 홍은3동,명지고등학교,고등학교,517,64.6,67.3,68.5,58,,59.1,272,460,37.58491135,126.9270902
7,서대문구,서대문구 북가좌동,가재울고등학교,고등학교,229,52.8,54.6,58.1,45.8,,37.5,81,216,37.57444587,126.9094148
1,서초구,서초구 서초동,서운중학교,중학교,348,95.5,99.1,95.7,91.9,2.9,,9,307,37.49394851,127.0245382
2,서초구,서초구 반포동,원촌중학교,중학교,326,94.1,98.2,93,91.1,0.7,,2,262,37.5063251,127.0146997
3,서초구,서초구 반포동,세화여자중학교,중학교,323,94,97.5,94.7,89.8,3.5,,9,255,37.5019828,126.99423
4,서초구,서초구 서초동,서일중학교,중학교,341,93.8,95.9,95,90.6,5.8,,18,307,37.49852986,127.0232207
5,서초구,서초구 반포동,신반포중학교,중학교,274,92.7,95.3,93.4,89.4,1.7,,4,229,37.50626532,126.9961146
6,서초구,서초구 잠원동,경원중학교,중학교,363,92.1,93.7,92.8,89.8,1.4,,4,282,37.5115816,127.0090183
7,서초구,서초구 방배동,서문여자중학교,중학교,271,91.5,97.8,93,83.8,1,,2,199,37.48891973,126.9845622
8,서초구,서초구 잠원동,신동중학교,중학교,280,91.2,93.2,93.2,87.2,5,,12,239,37.5169159,127.0129154
9,서초구,서초구 반포동,반포중학교,중학교,277,91.1,93.5,89.9,89.9,0,,0,242,37.50626532,126.9961146
10,서초구,서초구 서초동,서초중학교,중학교,256,90.3,96.1,90.6,84.4,1.7,,4,224,37.48553868,127.0085193
11,서초구,서초구 반포동,방배중학교,중학교,152,89.7,97.4,91.4,80.3,3.1,,5,160,37.49486827,126.997827
12,서초구,서초구 방배동,동덕여자중학교,중학교,179,87.7,93.9,90,79.3,1.5,,2,129,37.47587863,126.991995
13,서초구,서초구 우면동,영동중학교,중학교,285,80.5,93.3,76.5,71.9,1.5,,4,263,37.46598629,127.0251408
14,서초구,서초구 방배동,이수중학교,중학교,212,78.9,89.2,75.9,71.7,0,,0,133,37.48063003,126.989859
15,서초구,서초구 양재동,언남중학교,중학교,184,78,90.2,73.9,70.1,0,,0,122,37.47240137,127.0442813
1,서초구,서초구 반포동,세화고등학교,고등학교,393,99.7,99.7,100,99.5,,54.9,216,393,37.50199646,126.99423
2,서초구,서초구 반포동,세화여자고등학교,고등학교,397,97.9,98.5,98.5,96.7,,50.7,196,386,37.50199646,126.99423
3,서초구,서초구 방배4동,서문여자고등학교,고등학교,450,95,97.8,97.6,89.8,,47.9,130,271,37.48891973,126.9845458
4,서초구,서초구 반포동,반포고등학교,고등학교,349,85.6,85.7,88.9,82.3,,51.1,133,260,37.50270273,127.0165603
5,서초구,서초구 방배동,동덕여자고등학교,고등학교,447,82,87.5,90.4,68.2,,50.5,145,287,37.47583666,126.991995
6,서초구,서초구 방배동,상문고등학교,고등학교,497,81.4,80.3,88.3,75.7,,49.8,183,367,37.47975543,127.0039168
7,서초구,서초구 서초동,서울고등학교,고등학교,588,77.6,74,82.3,76.5,,43.7,186,425,37.48429306,127.0049019
8,서초구,서초구 서초동,양재고등학교,고등학교,307,76,78.1,82.2,67.7,,42,119,283,37.48242164,127.0320796
9,서초구,서초구 양재동,언남고등학교,고등학교,220,72.6,73.2,76.1,68.6,,26.1,45,172,37.47233002,127.0430052
10,서초구,서초구 서초동,서초고등학교,고등학교,355,69.8,68.2,79.2,62.2,,41.2,118,286,37.48961169,127.0053782
1,성동구,성동구 응봉동,광희중학교,중학교,285,85.9,90.5,85.3,82.1,2.2,,6,272,37.55115453,127.03398
2,성동구,성동구 성수동1가,성수중학교,중학교,116,82.4,93.1,79.3,75,0,,0,88,37.54734181,127.0382534
3,성동구,성동구 행당동,무학중학교,중학교,344,80.6,90.4,77.6,73.8,3.6,,9,250,37.55768336,127.0319746
4,성동구,성동구 성수동1가,경일중학교,중학교,127,79,90.5,76.4,70.1,2,,2,97,37.54382982,127.0478683
5,성동구,성동구 옥수동,옥정중학교,중학교,236,78.9,86.9,77.2,72.6,0.5,,1,180,37.54167037,127.0129832
6,성동구,성동구 마장동,마장중학교,중학교,157,78.5,89.8,76.4,69.4,0.8,,1,116,37.56830949,127.042128
7,성동구,성동구 마장동,동마중학교,중학교,166,76.9,86.8,74.7,69.3,2.1,,3,137,37.56280251,127.0403512
8,성동구,성동구 사근동,한양대학교사범대학부속중학교,중학교,188,70.4,84.6,64.4,62.2,0.6,,1,144,37.56191884,127.042324
9,성동구,성동구 행당동,행당중학교,중학교,112,68.7,84.8,66.1,55.4,0,,0,78,37.55455404,127.0419634
10,성동구,성동구 성수동2가,경수중학교,중학교,169,68.6,84,63.9,58,1.9,,2,105,37.53950904,127.0592712
11,성동구,성동구 성수동2가,성원중학교,중학교,123,65.3,83.8,58.5,53.7,2.5,,2,77,37.53945182,127.0513835
1,성동구,성동구 사근동,한양대학교사범대학부속고등학교,고등학교,419,98.8,99.3,99.3,97.9,,53,207,390,37.56191884,127.042324
2,성동구,성동구 행당동,무학여자고등학교,고등학교,393,80.4,83.5,83.5,74.3,,43.9,105,239,37.55762633,127.0338809
3,성동구,성동구 성수동1가,경일고등학교,고등학교,197,68.2,72.6,74.1,57.9,,34.4,41,119,37.54382982,127.0478683
4,성동구,성동구 성수동1가,성수고등학교,고등학교,282,60.1,62.5,65.4,52.6,,41.8,69,165,37.54734181,127.0382534
1,성북구,성북구 성북동,동구여자중학교,중학교,174,88.8,97.1,87.3,82.2,5,,6,120,37.5941935,127.0082153
2,성북구,성북구 돈암동,개운중학교,중학교,225,88.7,94.7,89.3,82.2,5,,9,180,37.59462665,127.0248421
3,성북구,성북구 길음동,길음중학교,중학교,235,88,94,86,84.2,8.8,,20,226,37.61409036,127.0174557
4,성북구,성북구 돈암동,성신여자중학교,중학교,213,88,96.2,85.9,82.1,7.9,,15,189,37.59462313,127.0231285
5,성북구,성북구 삼선동2가,한성여자중학교,중학교,168,83.7,92.9,83.3,75,0.7,,1,135,37.5830649,127.0117427
6,성북구,성북구 돈암동,고명중학교,중학교,178,83.3,90,77.5,82.6,4.9,,6,121,37.59767468,127.0191869
7,성북구,성북구 동소문동1가,삼선중학교,중학교,193,82.5,87,81.9,78.8,4.5,,7,154,37.59174763,127.0078716
8,성북구,성북구 종암동,서울대학교사범대학부설중학교,중학교,258,81.1,88,78.7,76.7,4.9,,11,223,37.59582047,127.0391333
9,성북구,성북구 정릉3동,북악중학교,중학교,176,79.3,90.4,78.4,69.3,2.4,,3,122,37.60700905,127.0016095
10,성북구,성북구 종암1동,종암중학교,중학교,247,77.4,89.1,75.3,68,3.2,,7,217,37.593111,127.0319913
11,성북구,성북구 상월곡동,월곡중학교,중학교,215,74.7,89.3,72.6,62.3,2.7,,5,181,37.60698163,127.0482588
12,성북구,성북구 장위동,장위중학교,중학교,229,74.3,85.2,76.8,61.1,6.5,,14,213,37.61129251,127.0408411
13,성북구,성북구 정릉동,고려대학교사범대학부속중학교,중학교,303,68.4,81.5,61.7,62.1,5.6,,14,249,37.60783857,127.0028302
14,성북구,성북구 하월곡동,숭곡중학교,중학교,200,67.8,80,65.7,57.7,1.9,,4,209,37.60847848,127.0312998
15,성북구,성북구 석관동,석관중학교,중학교,243,63.9,79.8,59.7,52.3,4.3,,7,161,37.60814014,127.0667131
16,성북구,성북구 안암동2가,용문중학교,중학교,119,63.7,79,53.3,58.8,0,,0,73,37.58869033,127.0246608
17,성북구,성북구 성북동,홍익대학교사범대학부속중학교,중학교,190,63.5,77.9,55.8,56.8,0,,0,98,37.59366662,127.002805
18,성북구,성북구 장위동,남대문중학교,중학교,219,56.5,73.6,47.9,48.2,0.7,,1,140,37.61865113,127.0551517
1,성북구,성북구 정릉동,대일외국어고등학교,고등학교,276,99.6,99.6,100,99.3,,76.5,193,252,37.61330459,127.014176
2,성북구,성북구 돈암동,성신여자고등학교,고등학교,412,90,94.4,93.4,82.3,,45.5,112,246,37.59428963,127.0224072
3,성북구,성북구 길음동,계성고등학교,고등학교,255,80.8,86.7,88.6,67.1,,50.6,147,290,37.6074936,127.0201836
4,성북구,성북구 삼선동2가,한성여자고등학교,고등학교,298,77.3,81.6,82.6,67.8,,48.9,112,229,37.5830649,127.0117841
5,성북구,성북구 종암동,서울대학교사범대학부설고등학교,고등학교,288,77,78.5,83.7,68.9,,52.1,122,234,37.59472384,127.0381204
6,성북구,성북구 안암동2가,용문고등학교,고등학교,460,72.9,74.1,78.1,66.5,,53.1,154,290,37.58869033,127.0246608
7,성북구,성북구 정릉동,고려대학교사범대학부속고등학교,고등학교,299,71.5,73.6,74.3,66.6,,50.2,115,229,37.60783857,127.0028302
8,성북구,성북구 성북동,홍익대학교사범대학부속고등학교,고등학교,178,66.3,62.4,70.2,66.3,,50.5,48,95,37.59366662,127.002805
9,성북구,성북구 석관동,석관고등학교,고등학교,264,58.7,60.6,59.1,56.4,,37,74,200,37.60958929,127.0667176
10,성북구,성북구 삼선동3가,경동고등학교,고등학교,231,56.5,54.3,62.3,53,,44.5,70,157,37.58669797,127.0163213
1,송파구,송파구 방이동,오륜중학교,중학교,269,97.2,98.9,98.5,94.4,7.4,,13,175,37.51632395,127.1389238
2,송파구,송파구 신천동,잠실중학교,중학교,402,94.7,96.8,95.8,91.5,5.1,,16,312,37.51781757,127.0986662
3,송파구,송파구 잠실2동,잠신중학교,중학교,431,93.1,95.6,93.3,90.5,2.6,,9,334,37.51613937,127.087802
4,송파구,송파구 잠실동,신천중학교,중학교,413,92.1,95.4,92.3,88.6,6.5,,25,384,37.51625001,127.0792834
5,송파구,송파구 가락동,가원중학교,중학교,210,88.4,92.4,90,82.9,1.3,,2,147,37.49099949,127.1231711
6,송파구,송파구 방이동,보성중학교,중학교,183,87.8,90.2,88,85.3,2,,3,150,37.52008989,127.1357293
7,송파구,송파구 잠실7동,정신여자중학교,중학교,327,87.4,94.8,87.8,79.8,3.8,,12,310,37.50945384,127.0738473
8,송파구,송파구 방이동,방산중학교,중학교,199,87.4,96,81.9,84.4,1.3,,2,148,37.50937287,127.1218756
9,송파구,송파구 송파동,가락중학교,중학교,247,86.7,93.1,85,82.2,1.1,,2,175,37.50248553,127.1187527
10,송파구,송파구 가락동,송파중학교,중학교,381,86.3,91.1,85,82.9,4.9,,15,305,37.49592462,127.1299138
11,송파구,송파구 장지동,송례중학교,중학교,129,85.7,93,86.8,77.5,4.2,,13,306,37.47783301,127.1397415
12,송파구,송파구 잠실동,아주중학교,중학교,233,85.1,91.8,82,81.5,3.7,,7,186,37.50523028,127.0765497
13,송파구,송파구 문정동,문정중학교,중학교,256,83.6,93.3,80.1,77.4,2.7,,5,183,37.48848095,127.1300209
14,송파구,송파구 가락동,석촌중학교,중학교,179,83,91.6,81.6,76,1.5,,2,133,37.50145499,127.1211174
15,송파구,송파구 풍납동,풍성중학교,중학교,148,82.6,88.5,82.5,77,4.9,,7,142,37.52543858,127.1128839
16,송파구,송파구 풍납동,풍납중학교,중학교,147,82.4,87.8,80.4,79,0,,0,129,37.52536544,127.1156283
17,송파구,송파구 거여동,거원중학교,중학교,211,82,92,80.1,73.9,0,,0,134,37.48772386,127.1465491
18,송파구,송파구 오금동,세륜중학교,중학교,191,81.8,91.7,79.6,74.3,0.7,,1,135,37.50893314,127.1312464
19,송파구,송파구 송파동,일신여자중학교,중학교,195,81.2,91.8,80.5,71.3,1.5,,2,127,37.50177714,127.1142413
20,송파구,송파구 풍납동,영파여자중학교,중학교,141,79.6,93.6,78.7,66.7,0,,0,105,37.53273562,127.1197395
21,송파구,송파구 장지동,문현중학교,중학교,249,79.6,88.4,76.7,73.9,4.8,,9,187,37.48058417,127.1279464
22,송파구,송파구 오금동,보인중학교,중학교,246,78.8,87,76.4,73.2,0.6,,1,154,37.4975692,127.1395178
23,송파구,송파구 오금동,오주중학교,중학교,254,76,88.2,75.6,64.2,0,,0,146,37.50150661,127.1362653
24,송파구,송파구 오금동,오금중학교,중학교,222,74.8,91,71.2,62.2,0.6,,1,164,37.50527064,127.1288011
25,송파구,송파구 방이동,방이중학교,중학교,203,72.4,84.2,68.5,64.5,0.7,,1,138,37.51501058,127.1132445
26,송파구,송파구 삼전동,배명중학교,중학교,258,69.2,83.7,63.9,60.1,1.6,,3,181,37.4976895,127.0958118
27,송파구,송파구 방이동,서울체육중학교,중학교,51,45.7,72.6,51,13.7,0,,0,49,37.52233038,127.1298226
1,송파구,송파구 오금동,보인고등학교,고등학교,425,99.2,98.6,99.8,99.3,,57.4,215,374,37.4975692,127.1395178
2,송파구,송파구 방이동,창덕여자고등학교,고등학교,388,93,95.4,96.9,86.9,,38.4,58,151,37.51624351,127.1402736
3,송파구,송파구 송파동,잠실여자고등학교,고등학교,419,90.3,93.8,95.7,81.6,,48.6,129,265,37.50179413,127.1142413
4,송파구,송파구 잠실동,정신여자고등학교,고등학교,455,86.9,90.6,92.5,77.6,,49.2,154,313,37.50945384,127.0738473
5,송파구,송파구 방이동,보성고등학교,고등학교,432,85.9,81.5,90,86.3,,45.9,136,296,37.52008989,127.1357293
6,송파구,송파구 잠실동,영동일고등학교,고등학교,465,84.5,83.2,91.6,78.9,,50.6,164,324,37.51003447,127.089867
7,송파구,송파구 잠실동,잠신고등학교,고등학교,375,82.5,82.9,88.8,76,,44.1,102,231,37.51470129,127.088283
8,송파구,송파구 풍납동,영파여자고등학교,고등학교,389,81.4,85.6,88.2,70.5,,49,136,277,37.53273562,127.1197395
9,송파구,송파구 삼전동,배명고등학교,고등학교,364,73.3,72.8,78,69.2,,50.3,142,282,37.4976895,127.0958118
10,송파구,송파구 방이동,방산고등학교,고등학교,360,72.3,74.4,75.8,66.7,,48,132,275,37.50831315,127.1204696
11,송파구,송파구 오금동,오금고등학교,고등학교,344,71.3,73,76.7,64.2,,46.8,141,301,37.50453217,127.128969
12,송파구,송파구 가락동,가락고등학교,고등학교,344,67.8,67.7,73.6,62.3,,45.3,116,256,37.50107579,127.1164258
13,송파구,송파구 신천동,잠실고등학교,고등학교,274,66.2,62,73.3,63.5,,49.2,95,193,37.52293043,127.106515
14,송파구,송파구 문정동,문정고등학교,고등학교,300,65.9,68,71.7,58,,39.9,95,238,37.4851785,127.1266921
15,송파구,송파구 장지동,문현고등학교,고등학교,240,62.1,62.1,70,54.2,,38.8,87,224,37.48131355,127.1287623
16,송파구,송파구 잠실동,잠일고등학교,고등학교,152,60.5,63.2,66.5,52,,50.4,62,123,37.514521,127.0825552
1,양천구,양천구 목동,목운중학교,중학교,484,96.4,98.4,96.9,94,6,,27,449,37.52700952,126.8730442
2,양천구,양천구 목동,월촌중학교,중학교,501,95.8,97.4,96.2,93.8,5.1,,23,450,37.53706518,126.8827588
3,양천구,양천구 목동,신목중학교,중학교,540,95,97.4,94.6,93.2,3.9,,19,479,37.53702399,126.8730725
4,양천구,양천구 신정7동,봉영여자중학교,중학교,199,94.1,98.5,95,88.9,2.9,,4,134,37.50921598,126.8601984
5,양천구,양천구 신정동,목일중학교,중학교,467,93.3,94.2,95.3,90.6,3.6,,15,407,37.51354095,126.8740325
6,양천구,양천구 목동,양정중학교,중학교,205,90.4,93.2,88.3,89.8,4.3,,8,183,37.53538402,126.8877343
7,양천구,양천구 신정동,목동중학교,중학교,482,87.1,90.5,85.9,84.9,5.2,,23,435,37.5209572,126.8714631
8,양천구,양천구 신정동,신서중학교,중학교,443,85.8,86.5,85.6,85.3,3.7,,14,377,37.51596644,126.8550164
9,양천구,양천구 신정동,금옥중학교,중학교,343,83.5,89.8,82.2,78.7,2,,5,245,37.51096532,126.8439717
10,양천구,양천구 목동,영도중학교,중학교,195,81,87.2,75.4,80.5,0.8,,1,122,37.53631557,126.8657711
11,양천구,양천구 신월동,강신중학교,중학교,335,79.4,91,74,73.4,1.2,,3,236,37.51513716,126.8381601
12,양천구,양천구 신월5동,신월중학교,중학교,325,73.9,86.2,69.3,66.2,0,,0,193,37.54046194,126.828389
13,양천구,양천구 목동,양동중학교,중학교,320,69.7,86.8,64.9,57.6,0.8,,2,228,37.54836875,126.8687172
14,양천구,양천구 신월동,양천중학교,중학교,297,68.9,84.2,64.3,58.2,0,,0,202,37.51900116,126.8305508
15,양천구,양천구 신월2동,신남중학교,중학교,254,66.5,81.1,59.1,59.4,0.5,,1,184,37.52077389,126.8478926
16,양천구,양천구 신월동,양강중학교,중학교,350,64.1,75.7,58.2,58.6,1,,3,275,37.52491016,126.849688
17,양천구,양천구 신월동,신화중학교,중학교,309,62.6,81.2,55.8,51,2.5,,5,198,,
18,양천구,양천구 신월동,신원중학교,중학교,149,51.4,68.5,42.3,43.6,0,,0,100,37.5370925,126.8248419
19,양천구,양천구 신월동,양서중학교,중학교,174,49.5,69,37.7,42,0,,0,140,37.53262929,126.8291351
1,양천구,양천구 목동,한가람고등학교,고등학교,286,99,99.3,99.3,98.6,,49.8,139,279,37.53746204,126.8840075
2,양천구,양천구 목동,양정고등학교,고등학교,405,96.6,95.8,97.5,96.6,,52.6,197,374,37.53539226,126.8877343
3,양천구,양천구 신정동,목동고등학교,고등학교,563,95.2,97,98.2,90.6,,46,144,313,37.50921598,126.860143
4,양천구,양천구 목동,강서고등학교,고등학교,545,92.8,90.8,95.6,92.1,,45.6,137,300,37.53631557,126.8657711
5,양천구,양천구 목동,진명여자고등학교,고등학교,632,91.1,93.5,96.5,83.5,,44.1,192,435,37.52404701,126.8658566
6,양천구,양천구 신정동,양천고등학교,고등학교,433,85,81.5,89.4,84.1,,61.8,191,309,37.5083206,126.8452028
7,양천구,양천구 신정동,신목고등학교,고등학교,556,80.9,80.8,85.8,76.1,,43.1,160,371,37.51290943,126.8736069
8,양천구,양천구 신정동,백암고등학교,고등학교,376,75.8,77.5,81.9,68.1,,42.9,136,317,37.51219626,126.844377
9,양천구,양천구 신정동,금옥여자고등학교,고등학교,306,75.8,81.7,82.4,63.4,,36.1,80,221,37.51096532,126.8439717
10,양천구,양천구 신월동,광영여자고등학교,고등학교,395,68.7,77.9,68.7,59.6,,44,138,313,37.5371981,126.8232464
11,양천구,양천구 신월동,광영고등학교,고등학교,354,61.7,64.1,61.9,59.3,,41.9,118,281,37.5371981,126.8232759
12,양천구,양천구 신정동,신서고등학교,고등학교,216,46.9,48.6,52.8,39.4,,29.8,54,181,37.52391432,126.8602096
1,영등포구,영등포구 여의도동,여의도중학교,중학교,320,89.8,93.8,89.7,85.9,4,,10,247,37.5239802,126.9357531
2,영등포구,영등포구 당산동5가,당산서중학교,중학교,192,88.1,96.3,88.5,79.7,0.9,,1,105,37.53248394,126.8988251
3,영등포구,영등포구 여의도동,윤중중학교,중학교,209,84.6,90.4,84.7,78.9,3.7,,6,162,37.51897848,126.9241232
4,영등포구,영등포구 문래동3가,양화중학교,중학교,224,83.8,90.2,82.6,78.6,6,,12,200,37.5196596,126.8959945
5,영등포구,영등포구 당산동6가,당산중학교,중학교,166,83.1,89.8,82.5,77.1,6.5,,10,152,37.53203308,126.907614
6,영등포구,영등포구 문래동6가,문래중학교,중학교,209,81.6,89.9,77.5,77.5,2.1,,4,190,37.52041829,126.8841404
7,영등포구,영등포구 양평동3가,선유중학교,중학교,194,81.4,88.7,80.4,75.3,0.6,,1,144,37.53328647,126.8943293
8,영등포구,영등포구 영등포동,영원중학교,중학교,257,74.2,88,68.1,66.7,0,,0,191,37.51497419,126.9136469
9,영등포구,영등포구 대림동,영남중학교,중학교,231,67.8,84,60.6,58.9,0,,0,179,37.49787218,126.8958365
10,영등포구,영등포구 대림동,대림중학교,중학교,215,60.3,81.4,49.3,50.2,0,,0,123,37.49231887,126.9074673
11,영등포구,영등포구 신길동,대영중학교,중학교,231,59.3,76.6,47.9,53.4,1,,2,185,37.50343784,126.905208
1,영등포구,영등포구 신길동,장훈고등학교,고등학교,349,93.3,91.1,94.6,94.3,,54.9,155,282,37.51334559,126.9162285
2,영등포구,영등포구 여의도동,여의도여자고등학교,고등학교,275,87.8,91.6,92,80,,40,87,217,37.52288764,126.9350871
3,영등포구,영등포구 신길동,영등포여자고등학교,고등학교,237,75.8,83.5,78.5,65.4,,42.4,70,165,37.51538845,126.9153563
4,영등포구,영등포구 양평동4가,선유고등학교,고등학교,271,75.4,73.8,82,70.5,,40.8,69,169,37.53390162,126.8948507
5,영등포구,영등포구 여의도동,여의도고등학교,고등학교,340,72.7,73.5,75,69.7,,48.2,121,251,37.52505101,126.9342192
6,영등포구,영등포구 양평동2가,관악고등학교,고등학교,289,68.1,66.1,72,66.4,,46.3,96,207,37.52179166,126.8829505
7,영등포구,영등포구 신길동,대영고등학교,고등학교,274,62.5,64.6,64.9,58,,43.5,91,209,37.50366109,126.9058657
8,영등포구,영등포구 신길동,영신고등학교,고등학교,265,48,54.1,47.4,42.6,,35.3,70,198,37.49810094,126.909739
1,용산구,용산구 이촌동,용강중학교,중학교,271,90.9,96,92.6,84.2,7.2,,18,247,37.52157693,126.9754853
2,용산구,용산구 원효로4가,성심여자중학교,중학교,124,90.3,97.6,91.9,81.5,0,,0,91,37.53420937,126.9545934
3,용산구,용산구 서빙고동,한강중학교,중학교,157,83.4,94.3,84.1,72,2.5,,3,118,37.52361192,126.9927909
4,용산구,용산구 청파동3가,신광여자중학교,중학교,131,80.4,93.9,78.6,68.7,1.2,,1,78,37.54289988,126.9694475
5,용산구,용산구 서계동,배문중학교,중학교,182,75.1,88.5,65.4,71.4,1.2,,1,80,37.54991872,126.9639041
6,용산구,용산구 용산동2가,보성여자중학교,중학교,143,74.8,86,75.5,62.9,0,,0,96,37.54308154,126.9842842
7,용산구,용산구 용산동2가,용산중학교,중학교,141,74.4,91.5,68.8,63.1,1.5,,2,131,37.54600281,126.9809763
8,용산구,용산구 청파동3가,선린중학교,중학교,234,73,85.5,70.5,63.2,1.8,,3,161,37.54296872,126.9649361
9,용산구,용산구 보광동,오산중학교,중학교,161,69.3,76.4,70.8,60.9,1.6,,2,120,37.52358051,127.0008872
1,용산구,용산구 원효로4가,성심여자고등학교,고등학교,261,88.4,91.6,95.4,78.2,,44.9,75,167,37.53420937,126.9545934
2,용산구,용산구 서계동,배문고등학교,고등학교,248,85.7,85.5,86.7,85.1,,52.4,54,103,37.54999783,126.9639041
3,용산구,용산구 보광동,오산고등학교,고등학교,287,76.5,78,79.8,71.8,,54.9,94,171,37.52350529,127.0008872
4,용산구,용산구 용산동2가,용산고등학교,고등학교,461,75,71.8,80.1,73.1,,44.1,155,351,37.54480263,126.981731
5,용산구,용산구 용산동2가,보성여자고등학교,고등학교,169,74.7,78.7,79.9,65.7,,52,89,171,37.54308154,126.9842996
6,용산구,용산구 청파동3가,신광여자고등학교,고등학교,128,72.4,79.7,80.5,57,,44.8,44,98,37.54289988,126.9694475
7,용산구,용산구 이촌동,중경고등학교,고등학교,118,57.5,59.8,67.8,44.9,,48.2,67,139,37.5176804,126.9756383
1,은평구,은평구 진관동,신도중학교,중학교,273,87.8,94.2,86.4,82.8,1.9,,6,313,37.63298366,126.9308787
2,은평구,은평구 진관동,진관중학교,중학교,326,84.1,92.3,81,79.1,3,,10,332,37.64425564,126.9257277
3,은평구,은평구 갈현동,선일여자중학교,중학교,241,79.2,93.8,77.6,66.4,0.6,,1,146,37.62030421,126.9119931
4,은평구,은평구 갈현2동,대성중학교,중학교,286,77.2,88.8,72,71,0,,0,168,37.62314228,126.9097907
5,은평구,은평구 구산동,예일여자중학교,중학교,247,77,91.9,74.5,64.8,2.7,,6,217,37.6109459,126.9147928
6,은평구,은평구 불광동,불광중학교,중학교,242,74.9,86.4,70.7,67.8,2.5,,5,199,37.62320355,126.9321291
7,은평구,은평구 신사동,숭실중학교,중학교,155,74.6,88.4,67.7,67.7,0.7,,1,142,37.59327482,126.9024039
8,은평구,은평구 불광동,연천중학교,중학교,175,72.9,86.9,66.9,65.1,0.8,,1,118,37.62754521,126.9258198
9,은평구,은평구 구산동,은평중학교,중학교,248,71.6,83.9,71.8,59.3,1,,2,184,37.61061869,126.9083472
10,은평구,은평구 증산동,연서중학교,중학교,184,69.5,85.3,62,61.4,0,,0,129,37.58704446,126.9092766
11,은평구,은평구 신사동,덕산중학교,중학교,175,69.1,80.2,65.7,61.4,0.7,,1,138,37.6022574,126.9046771
12,은평구,은평구 갈현동,선정중학교,중학교,257,68.8,83.3,63.6,59.7,1.1,,2,179,37.61870451,126.9090316
13,은평구,은평구 구산동,구산중학교,중학교,292,67.2,82.5,63.4,55.8,1.5,,3,192,37.60987202,126.9094887
14,은평구,은평구 응암동,영락중학교,중학교,250,66.5,77.6,61.7,60.2,2.7,,6,222,37.5969603,126.9251334
15,은평구,은평구 신사동,상신중학교,중학교,203,66.3,81.8,64.5,52.7,0.7,,1,128,37.58978547,126.9064249
16,은평구,은평구 불광동,연신중학교,중학교,207,66,77.8,60.4,59.9,0,,0,132,37.62353926,126.9242879
17,은평구,은평구 증산동,증산중학교,중학교,168,63.1,78.6,57.4,53.3,3.7,,3,81,37.58344275,126.9041567
18,은평구,은평구 응암동,충암중학교,중학교,288,52.6,66.4,46,45.5,1.9,,4,201,37.58464029,126.9218095
1,은평구,은평구 진관동,하나고등학교,고등학교,204,99.6,99,100,100,,69.2,142,205,37.64163759,126.9369302
2,은평구,은평구 갈현동,대성고등학교,고등학교,350,95.5,96,96.3,94.3,,51.8,127,245,37.62316122,126.9097907
3,은평구,은평구 구산동,예일여자고등학교,고등학교,459,89.5,93,90.9,84.7,,45.8,148,323,37.6109459,126.9147928
4,은평구,은평구 갈현동,선일여자고등학교,고등학교,325,88,92.6,91.7,79.7,,46.4,105,226,37.62030421,126.9119931
5,은평구,은평구 대조동,동명여자고등학교,고등학교,421,82,87.2,86.2,72.7,,47.8,165,345,37.61441879,126.9228204
6,은평구,은평구 신사동,숭실고등학교,고등학교,444,75.1,76.4,78.2,70.9,,44,149,338,37.59327482,126.9024039
7,은평구,은평구 갈현동,선정고등학교,고등학교,431,73.6,75.2,78,67.8,,59.1,213,360,37.61870451,126.9090316
8,은평구,은평구 진관동,진관고등학교,고등학교,288,62.2,61.6,68.4,56.6,,40.8,101,247,37.64333857,126.9243825
9,은평구,은평구 구산동,은평고등학교,고등학교,203,55.7,57.7,56.9,52.5,,40.2,64,159,37.60984462,126.9057368
10,은평구,은평구 응암동,충암고등학교,고등학교,421,54.4,56.4,51.3,55.7,,48.9,160,327,37.58464029,126.9218095
11,은평구,은평구 진관동,신도고등학교,고등학교,275,53.1,56.1,54.7,48.5,,50.5,98,194,37.62913251,126.9187486
1,종로구,종로구 홍지동,상명대학교사범대학부속여자중학교,중학교,128,94.2,100,94.5,88.3,2.1,,2,92,37.60410891,126.9551595
2,종로구,종로구 필운동,배화여자중학교,중학교,167,87.2,94,88.6,79,5.1,,6,117,37.57954401,126.9672919
3,종로구,종로구 청운동,청운중학교,중학교,184,84.6,88.6,84.8,80.4,4.4,,6,136,37.58916985,126.9710959
4,종로구,종로구 동숭동,서울대학교사범대학부설여자중학교,중학교,193,83.9,96.9,81.4,73.6,6.5,,8,123,37.5775997,127.0042955
5,종로구,종로구 송현동,덕성여자중학교,중학교,84,77.8,92.9,73.8,66.7,0,,0,57,37.57778598,126.9819235
6,종로구,종로구 행촌동,대신중학교,중학교,149,74,85.2,69.8,67.1,0.8,,1,121,37.57310947,126.9612545
7,종로구,종로구 혜화동,경신중학교,중학교,100,71,85.1,66,62,4,,3,75,37.59220227,126.999531
8,종로구,종로구 계동,중앙중학교,중학교,97,70.8,82.5,66,63.9,2.9,,2,67,37.58378822,126.9874726
9,종로구,종로구 혜화동,동성중학교,중학교,155,55.9,73.6,48.4,45.8,0,,0,86,37.58496996,127.0030976
1,종로구,종로구 명륜1가,서울국제고등학교,고등학교,147,98.6,97.9,99.3,98.6,,51,72,141,37.59179115,126.9954907
2,종로구,종로구 계동,중앙고등학교,고등학교,330,93.8,93.7,95.2,92.7,,50.3,158,314,37.58378822,126.9874726
3,종로구,종로구 필운동,배화여자고등학교,고등학교,271,91.7,95.9,96,83.4,,51,97,190,37.57954401,126.9672919
4,종로구,종로구 혜화동,동성고등학교,고등학교,348,87.9,86.8,89.7,87.3,,54.1,149,275,37.58496996,127.0030619
5,종로구,종로구 안국동,덕성여자고등학교,고등학교,247,84.1,89.1,91.5,71.7,,44.4,88,198,37.57776082,126.9835581
6,종로구,종로구 홍지동,상명대학교사범대학부속여자고등학교,고등학교,241,83.6,88,90.5,72.3,,40.6,48,118,37.60410891,126.9551595
7,종로구,종로구 안국동,풍문고등학교,고등학교,206,82.7,85,86.9,76.2,,53.4,124,232,37.47135959,127.0999634
8,종로구,종로구 행촌동,대신고등학교,고등학교,266,74.1,72.6,80.1,69.6,,49.5,108,218,37.57312377,126.9612545
9,종로구,종로구 청운동,경복고등학교,고등학교,379,71.8,71.2,77.9,66.5,,47.8,125,261,37.58594567,126.9715109
10,종로구,종로구 혜화동,경신고등학교,고등학교,323,66.7,64.4,68.4,67.5,,57.3,117,204,37.59222582,126.999531
1,중구,중구 신당동,금호여자중학교,중학교,140,83.6,93.6,88.6,68.6,1.7,,2,113,,
2,중구,중구 신당동,한양중학교,중학교,95,81.7,85.3,85.3,74.7,3.2,,2,61,37.5658716,127.0114433
3,중구,중구 정동,창덕여자중학교,중학교,79,81.4,92.4,81,70.9,5.7,,4,69,37.5664328,126.9692102
4,중구,중구 신당동,대경중학교,중학교,140,80.2,87.9,76.4,76.4,0,,0,93,37.55637326,127.0169792
5,중구,중구 신당동,장충중학교,중학교,104,79.7,91.3,74,74,0,,0,58,37.5535149,127.006415
6,중구,중구 신당동,장원중학교,중학교,91,76.9,93.4,79.1,58.2,1.3,,1,74,37.55396452,127.0060429
7,중구,중구 만리동2가,환일중학교,중학교,73,71.5,82.2,63.5,68.9,0,,0,56,37.55360775,126.9628071
8,중구,중구 인현동2가,덕수중학교,중학교,90,58.1,76.7,50,47.8,5.9,,4,67,37.56557957,126.9969973
1,중구,중구 순화동,이화여자외국어고등학교,고등학교,158,99.5,100,100,98.7,,64.4,87,135,37.56557732,126.9696417
2,중구,중구 정동,이화여자고등학교,고등학교,426,98.2,99.3,99.8,95.5,,53,216,407,37.56617664,126.9713244
3,중구,중구 신당동,장충고등학교,고등학교,163,81.9,79.1,82.2,84.6,,57.3,74,129,37.5535149,127.006415
4,중구,중구 만리동2가,환일고등학교,고등학교,356,79.7,79.5,82.3,77.5,,55.9,136,243,37.55360652,126.9628021
5,중구,중구 신당동,성동고등학교,고등학교,204,66.2,67.2,65.2,66.2,,44.8,65,145,37.56411643,127.0223892
1,중랑구,중랑구 묵동,원묵중학교,중학교,392,86.3,93.9,84,81.2,4.2,,13,308,37.61777209,127.0843728
2,중랑구,중랑구 상봉동,상봉중학교,중학교,290,79.3,87.6,77.6,72.7,2.8,,6,212,37.60152799,127.0901246
3,중랑구,중랑구 묵동,태릉중학교,중학교,159,75.4,86.8,70.4,69.2,1.6,,2,118,37.61253191,127.0834355
4,중랑구,중랑구 망우동,혜원여자중학교,중학교,202,74.7,93.1,72.3,58.9,0.7,,1,128,37.59327987,127.0970427
5,중랑구,중랑구 상봉동,신현중학교,중학교,256,72,83.2,71.1,61.7,1.4,,3,213,37.60441346,127.0915328
6,중랑구,중랑구 망우동,영란여자중학교,중학교,138,67.8,87,68.8,47.8,0,,0,98,37.6031324,127.1053324
7,중랑구,중랑구 망우동,송곡여자중학교,중학교,69,66.6,87,62.9,50,1.5,,1,64,37.60668904,127.1051455
8,중랑구,중랑구 면목동,면목중학교,중학교,238,64.8,83.6,54.4,56.5,0,,0,166,37.58321586,127.0963033
9,중랑구,중랑구 면목동,용마중학교,중학교,213,64.6,79.8,61.2,53,0.6,,1,148,37.5745074,127.0862687
10,중랑구,중랑구 중화동,중랑중학교,중학교,206,63.9,84.5,55.3,51.9,1.3,,2,145,37.60535089,127.0807928
11,중랑구,중랑구 중화1동,장안중학교,중학교,204,63.7,84.3,55.1,51.7,0,,0,149,37.60077444,127.0809965
12,중랑구,중랑구 면목동,중화중학교,중학교,256,61.3,80.5,53.1,50.4,0.5,,1,170,37.58450379,127.0945608
13,중랑구,중랑구 망우동,봉화중학교,중학교,134,54.2,76.1,43.4,43.3,0,,0,95,37.59582753,127.1043156
14,중랑구,중랑구 망우동,동원중학교,중학교,109,51.9,77,37.6,41.3,0.9,,1,107,37.60380725,127.1094981
1,중랑구,중랑구 망우동,혜원여자고등학교,고등학교,339,85.6,88.9,87.9,80,,47.9,103,215,37.59327987,127.0970427
2,중랑구,중랑구 묵동,원묵고등학교,고등학교,310,84.5,86.2,87.1,80.3,,51.7,119,230,37.61523231,127.0855078
3,중랑구,중랑구 묵동,태릉고등학교,고등학교,315,67.7,66.3,70.8,66,,42.7,101,236,37.61916383,127.0855576
4,중랑구,중랑구 망우동,송곡여자고등학교,고등학교,262,65.2,74.8,74.8,46.2,,45.1,107,237,37.60668904,127.1051455
5,중랑구,중랑구 중화동,중화고등학교,고등학교,259,61.1,66.8,59.9,56.8,,37,66,178,37.60481461,127.0836541
6,중랑구,중랑구 망우본동,송곡고등학교,고등학교,287,57.7,63.4,59.2,50.5,,52,114,219,37.60584544,127.1064637
7,중랑구,중랑구 상봉동,신현고등학교,고등학교,260,54.1,58.5,58.6,45.4,,44.6,87,195,37.60524904,127.0929499
8,중랑구,중랑구 면목동,면목고등학교,고등학교,262,54,56.1,56.5,49.4,,44.9,84,187,37.58466341,127.0972706
